{
  "psnr_hole": 14.548251152038574,
  "l1_hole": 0.20174670964479446
}